{
    "animations":[{
        "fps":24,
        "name":"default",
        "tracks":[]
    }],
    "images":[],
    "geometries":[{
        "data":{
            "uvs":[],
            "faces":[35,0,1,3,2,0,0,0,0,0,35,4,5,7,6,0,0,0,0,0,35,8,9,11,10,0,0,0,0,0,35,12,13,15,14,0,0,0,0,0,35,16,17,19,18,0,0,0,0,0,35,20,21,23,22,0,0,0,0,0,35,24,25,27,26,0,0,0,0,0,35,28,29,31,30,0,0,0,0,0,35,32,33,35,34,0,0,0,0,0,35,36,37,39,38,0,0,0,0,0,35,40,41,43,42,0,0,0,0,0,35,44,45,47,46,0,0,0,0,0,35,48,49,51,50,0,0,0,0,0,35,52,53,55,54,0,0,0,0,0,35,56,57,59,58,0,0,0,0,0,35,60,61,63,62,0,0,0,0,0,35,64,65,67,66,0,0,0,0,0,35,68,69,71,70,0,0,0,0,0,35,72,73,75,74,0,0,0,0,0],
            "normals":[-0,-0,1],
            "vertices":[1,0.3952,0,-1,0.3952,0,1,-1,0,-1,-1,0,1,0.3952,-0.0187543,-1,0.3952,-0.0187543,1,-1,-0.0187543,-1,-1,-0.0187543,1,0.3952,-0.0295568,-1,0.3952,-0.0295568,1,-1,-0.0295568,-1,-1,-0.0295568,1,0.3952,-0.0430599,-1,0.3952,-0.0430599,1,-1,-0.0430599,-1,-1,-0.0430599,1,0.3952,-0.0538623,-1,0.3952,-0.0538623,1,-1,-0.0538623,-1,-1,-0.0538623,1,0.3952,-0.070066,-1,0.3952,-0.070066,1,-1,-0.070066,-1,-1,-0.070066,1,0.3952,-0.0835691,-1,0.3952,-0.0835691,1,-1,-0.0835691,-1,-1,-0.0835691,1,0.3952,-0.0970722,-1,0.3952,-0.0970722,1,-1,-0.0970722,-1,-1,-0.0970722,1,0.3952,-0.110575,-1,0.3952,-0.110575,1,-1,-0.110575,-1,-1,-0.110575,1,0.3952,-0.12948,-1,0.3952,-0.12948,1,-1,-0.12948,-1,-1,-0.12948,1,0.3952,-0.148384,-1,0.3952,-0.148384,1,-1,-0.148384,-1,-1,-0.148384,1,0.3952,-0.164588,-1,0.3952,-0.164588,1,-1,-0.164588,-1,-1,-0.164588,1,0.3952,-0.180791,-1,0.3952,-0.180791,1,-1,-0.180791,-1,-1,-0.180791,1,0.3952,-0.196995,-1,0.3952,-0.196995,1,-1,-0.196995,-1,-1,-0.196995,1,0.3952,-0.207798,-1,0.3952,-0.207798,1,-1,-0.207798,-1,-1,-0.207798,1,0.3952,-0.226702,-1,0.3952,-0.226702,1,-1,-0.226702,-1,-1,-0.226702,1,0.3952,-0.245606,-1,0.3952,-0.245606,1,-1,-0.245606,-1,-1,-0.245606,1,0.3952,-0.259109,-1,0.3952,-0.259109,1,-1,-0.259109,-1,-1,-0.259109,1,0.3952,-0.272612,-1,0.3952,-0.272612,1,-1,-0.272612,-1,-1,-0.272612]
        },
        "uuid":"12771F11-5256-4E47-BDB3-2E577AA03161",
        "name":"Plane.019Geometry",
        "materials":[{
            "blending":1,
            "colorDiffuse":[0.64,0.64,0.64],
            "depthTest":true,
            "wireframe":false,
            "doubleSided":false,
            "colorSpecular":[0.5,0.5,0.5],
            "depthWrite":true,
            "colorEmissive":[0,0,0],
            "shading":"phong",
            "opacity":1,
            "transparent":false,
            "DbgColor":15658734,
            "specularCoef":50,
            "DbgName":"Material.002",
            "DbgIndex":0,
            "visible":true
        }],
        "type":"Geometry"
    },{
        "data":{
            "uvs":[[0.433192,0.97445,0.0186026,0.97445,0.0173527,0.0267376,0.431533,0.0270054,0.980502,0.976323,0.579901,0.976322,0.578242,0.0270054,0.979252,0.0282012]],
            "faces":[43,5,1,3,6,0,0,1,2,3,0,0,0,0,43,0,4,7,2,0,4,5,6,7,1,1,1,1,43,4,5,6,7,0,5,0,3,6,2,2,2,2],
            "normals":[-1.04272e-07,1,-0.000478258,1.04312e-07,-1,0.000676518,-5.96046e-08,-1.18041e-14,1],
            "vertices":[0.848087,-0.151029,-1.3995,0.848087,0.150222,-1.39864,-1.15191,-0.151029,-1.3995,-1.15191,0.150221,-1.39864,0.848087,-0.150082,5.96046e-08,0.848087,0.15089,5.96046e-08,-1.15191,0.15089,-5.96046e-08,-1.15191,-0.150083,-5.96046e-08]
        },
        "uuid":"9FBEB279-AE55-443A-B953-27617AAFBC04",
        "name":"PlaneGeometry",
        "materials":[{
            "blending":1,
            "colorDiffuse":[0.64,0.64,0.64],
            "depthTest":true,
            "wireframe":false,
            "doubleSided":false,
            "colorSpecular":[0.5,0.5,0.5],
            "depthWrite":true,
            "colorEmissive":[0,0,0],
            "shading":"phong",
            "opacity":1,
            "transparent":false,
            "DbgColor":15658734,
            "specularCoef":50,
            "DbgName":"Material.001",
            "DbgIndex":0,
            "visible":true
        }],
        "type":"Geometry"
    }],
    "textures":[],
    "materials":[{
        "emissive":0,
        "blending":1,
        "name":"Material.001",
        "depthTest":true,
        "color":10724259,
        "specular":8355711,
        "shininess":50,
        "uuid":"BF4221D6-3087-4BB1-BE83-1C6DD5B8A608",
        "depthWrite":true,
        "vertexColors":0,
        "type":"MeshPhongMaterial"
    },{
        "emissive":0,
        "blending":1,
        "name":"Material.002",
        "depthTest":true,
        "color":10724259,
        "specular":8355711,
        "shininess":50,
        "uuid":"C2F2B160-9F4A-4628-9313-58444F21B5EF",
        "depthWrite":true,
        "vertexColors":0,
        "type":"MeshPhongMaterial"
    }],
    "object":{
        "matrix":[1,0,0,0,0,1,0,0,0,0,1,0,0,0,0,1],
        "uuid":"5A3219A6-1781-4A8A-903E-E0209DAF7C80",
        "children":[{
            "name":"Plane.019",
            "uuid":"5D08D75B-0B8D-455D-B30B-4C202BD31DB1",
            "matrix":[-0.943119,0,-0.332456,0,-0.332456,0,0.943119,0,0,1,0,0,-0.210467,0.311236,-0.20516,1],
            "visible":true,
            "type":"Mesh",
            "material":"C2F2B160-9F4A-4628-9313-58444F21B5EF",
            "castShadow":true,
            "receiveShadow":true,
            "geometry":"12771F11-5256-4E47-BDB3-2E577AA03161"
        },{
            "name":"sites",
            "uuid":"ECC1ECCC-D5DF-435C-ABFB-E4BABC6B3F0F",
            "matrix":[-0.943119,0,-0.332456,0,-2.50998e-08,1,7.12035e-08,0,0.332456,7.54979e-08,-0.943119,0,0.0693475,0.171712,-0.534041,1],
            "visible":true,
            "type":"Mesh",
            "material":"BF4221D6-3087-4BB1-BE83-1C6DD5B8A608",
            "castShadow":true,
            "receiveShadow":true,
            "geometry":"9FBEB279-AE55-443A-B953-27617AAFBC04"
        }],
        "type":"Scene"
    },
    "metadata":{
        "version":4.4,
        "sourceFile":"book.blend",
        "generator":"io_three",
        "type":"Object"
    }
}